weight,ts,value
weight,1669396688709,3.96
weight,1669396568060,3.96
weight,1669396508250,3.958
weight,1669396448429,3.958
weight,1669396327760,3.956
weight,1669396267920,3.958
weight,1669396208071,3.956
weight,1669396088450,3.956
weight,1669396028610,3.954
weight,1669395967761,3.954
weight,1669395907921,3.954
weight,1669395848060,3.952
weight,1669395788226,3.952
weight,1669395728349,3.952
weight,1669395668531,3.952
weight,1669395547760,3.95
weight,1669395487920,3.95
weight,1669395428091,3.95
weight,1669395368271,3.948
weight,1669395127930,3.946
weight,1669395068100,3.944
weight,1669394888629,3.942
weight,1669394827790,3.942
weight,1669394767930,3.944
weight,1669394708101,3.942
weight,1669394648260,3.94
weight,1669394588400,3.94
weight,1669394407880,3.938
weight,1669394348020,3.938
weight,1669394288201,3.936
weight,1669394228369,3.936
weight,1669394107750,3.934
weight,1669393868410,3.932
weight,1669393808581,3.93
weight,1669393628098,3.928
weight,1669393568261,3.928
weight,1669393448610,3.928
weight,1669393387770,3.926
weight,1669393327940,3.926
weight,1669393268100,3.926
weight,1669393088281,3.924
weight,1669392968630,3.922
weight,1669392907789,3.922
weight,1669392788131,3.92
weight,1669392728280,3.92
weight,1669392668450,3.918
weight,1669392547810,3.918
weight,1669392488010,3.916
weight,1669392428159,3.916
weight,1669392308500,3.914
weight,1669392248649,3.914
weight,1669392187811,3.914
weight,1669392068141,3.912
weight,1669392008310,3.912
weight,1669391948430,3.912
weight,1669391888589,3.912
weight,1669391827741,3.908
weight,1669391767941,3.91
weight,1669391708100,3.908
weight,1669391648269,3.908
weight,1669391588421,3.908
weight,1669391467769,3.906
weight,1669391407959,3.904
weight,1669391348131,3.902
weight,1669391288330,3.904
weight,1669391228490,3.902
weight,1669391168629,3.902
weight,1669391107791,3.902
weight,1669390988110,3.9
weight,1669390928299,3.9
weight,1669390808650,3.9
weight,1669390628131,3.898
weight,1669390568310,3.896
weight,1669390448630,3.894
weight,1669390387791,3.892
weight,1669390327940,3.896
weight,1669390027799,3.89
weight,1669389967961,3.888
weight,1669389908120,3.89
weight,1669389848280,3.886
weight,1669389788439,3.884
weight,1669389728601,3.886
weight,1669389607950,3.884
weight,1669389548081,3.884
weight,1669389488241,3.884
weight,1669389428411,3.882
weight,1669389368570,3.882
weight,1669389188089,3.88
weight,1669389128230,3.878
weight,1669389068391,3.878
weight,1669389008520,3.878
weight,1669388948669,3.876
weight,1669388827991,3.874
weight,1669388768150,3.874
weight,1669388708289,3.874
weight,1669388588621,3.872
weight,1669388467990,3.872
weight,1669388408109,3.87
weight,1669388167730,3.868
weight,1669387988270,3.866
weight,1669387928481,3.868
weight,1669387807781,3.864
weight,1669387747960,3.862
weight,1669387688109,3.862
weight,1669387628249,3.862
weight,1669387568401,3.86
weight,1669387508618,3.86
weight,1669387448678,3.86
weight,1669387387829,3.86
weight,1669387268200,3.856
weight,1669387088670,3.856
weight,1669386968009,3.854
weight,1669386908159,3.852
weight,1669386848311,3.852
weight,1669386667799,3.852
weight,1669386607951,3.85
weight,1669386548110,3.848
weight,1669386488270,3.844
weight,1669386428429,3.844
weight,1669386368586,3.84
weight,1669386308721,3.848
weight,1669386247859,3.844
weight,1669386188061,3.842
weight,1669386128240,3.844
weight,1669386008589,3.84
weight,1669385947760,3.838
weight,1669385887911,3.84
weight,1669385828070,3.84
weight,1669385768229,3.84
weight,1669385708374,3.834
weight,1669385648550,3.838
weight,1669385587720,3.836
weight,1669385527899,3.836
weight,1669385408220,3.838
weight,1669385288580,3.832
weight,1669385108048,3.83
weight,1669385048219,3.83
weight,1669384988390,3.828
weight,1669384868740,3.816
weight,1669384807840,3.824
weight,1669384747999,3.826
weight,1669384688150,3.82
weight,1669384628329,3.822
weight,1669384568470,3.81
weight,1669384508621,3.812
weight,1669384447791,3.824
weight,1669384387960,3.82
weight,1669384328121,3.816
weight,1669384268300,3.83
weight,1669384208451,3.808
weight,1669384148590,3.816
weight,1669384088719,3.814
weight,1669383908230,3.816
weight,1669383848400,3.798
weight,1669383788569,3.814
weight,1669383548248,3.808
weight,1669383488411,3.804
weight,1669383428561,3.808
weight,1669383307899,3.808
weight,1669383248063,3.796
weight,1669383128399,3.808
weight,1669383008720,3.802
weight,1669382947890,3.808
weight,1669382828219,3.802
weight,1669382708541,3.802
weight,1669382587861,3.804
weight,1669382468260,3.8
weight,1669382408419,3.798
weight,1669382348529,3.802
weight,1669382108349,3.788
weight,1669382048511,3.796
weight,1669381988671,3.792
weight,1669381927899,3.792
weight,1669381868069,3.794
weight,1669381808250,3.79
weight,1669381748321,3.778
weight,1669381689486,3.78
weight,1669381628039,3.774
weight,1669381568191,3.792
weight,1669381448500,3.788
weight,1669381208150,3.784
weight,1669381148250,3.774
weight,1669381088409,3.778
weight,1669381028561,3.78
weight,1669380908834,3.778
weight,1669380848539,3.788
weight,1669380788681,3.78
weight,1669380727839,3.792
weight,1669380668030,3.78
weight,1669380608229,3.778
weight,1669380548371,3.796
weight,1669380488570,3.77
weight,1669380427739,3.796
weight,1669380367929,3.788
weight,1669380188399,3.782
weight,1669380128569,3.782
weight,1669380067739,3.774
weight,1669380007891,3.796
weight,1669379948047,3.79
weight,1669379888219,3.786
weight,1669379707728,3.776
weight,1669379588101,3.768
weight,1669379528250,3.766
weight,1669379408571,3.786
weight,1669379347750,3.77
weight,1669379287910,3.756
weight,1669379228060,3.766
weight,1669379168251,3.758
weight,1669379108400,3.75
weight,1669379048580,3.75
weight,1669378927901,3.78
weight,1669378868070,3.758
weight,1669378748340,3.766
weight,1669378688499,3.766
weight,1669378628651,3.752
weight,1669378508010,3.762
weight,1669378388341,3.76
weight,1669378328490,3.754
weight,1669378268650,3.756
weight,1669378207797,3.75
weight,1669378147961,3.74
weight,1669378028280,3.756
weight,1669377908601,3.742
weight,1669377787950,3.76
weight,1669377728111,3.758
weight,1669377668260,3.734
weight,1669377608389,3.756
weight,1669377487750,3.752
weight,1669377427911,3.762
weight,1669377368078,3.736
weight,1669377308240,3.758
weight,1669377248400,3.742
weight,1669377188559,3.75
weight,1669376948281,3.754
weight,1669376888460,3.748
weight,1669376707991,3.742
weight,1669376528469,3.72
weight,1669376468668,3.756
weight,1669376347980,3.738
weight,1669376288109,3.74
weight,1669376228266,3.744
weight,1669376108660,3.752
weight,1669376047819,3.736
weight,1669375928181,3.738
weight,1669375868343,3.736
weight,1669375687881,3.726
weight,1669375628060,3.728
weight,1669375508430,3.736
weight,1669375448581,3.726
weight,1669375387750,3.728
weight,1669375327910,3.724
weight,1669375269069,3.732
weight,1669375208639,3.724
weight,1669375147770,3.722
weight,1669375087940,3.722
weight,1669374787821,3.718
weight,1669374668230,3.726
weight,1669374427940,3.714
weight,1669374368100,3.714
weight,1669374308259,3.712
weight,1669374248410,3.71
weight,1669374188560,3.71
weight,1669374067869,3.712
weight,1669373888290,3.706
weight,1669373828440,3.708
weight,1669373707781,3.704
weight,1669373647940,3.706
weight,1669373528270,3.704
weight,1669373468421,3.702
weight,1669373408611,3.702
weight,1669373287949,3.702
weight,1669373228141,3.7
weight,1669373168300,3.698
weight,1669373108440,3.7
weight,1669372927970,3.696
weight,1669372808310,3.692
weight,1669372748401,3.694
weight,1669372688590,3.692
weight,1669372627750,3.694
weight,1669372567911,3.692
weight,1669372508070,3.69
weight,1669372448230,3.69
weight,1669372388389,3.688
weight,1669372328540,3.69
weight,1669372268701,3.69
weight,1669372148747,3.688
weight,1669372087821,3.684
weight,1669372027980,3.686
weight,1669371968149,3.686
weight,1669371908350,3.684
weight,1669371848501,3.684
weight,1669371727840,3.682
weight,1669371667979,3.68
weight,1669371548290,3.68
weight,1669371367781,3.676
weight,1669371248100,3.676
weight,1669371188249,3.676
weight,1669371008740,3.674
weight,1669370947879,3.672
weight,1669370888051,3.67
weight,1669370828191,3.67
weight,1669370768359,3.67
weight,1669370648670,3.668
weight,1669370587828,3.668
weight,1669370468149,3.666
weight,1669370348410,3.666
weight,1669370288560,3.666
weight,1669370167911,3.662
weight,1669370048220,3.662
weight,1669369988380,3.662
weight,1669369928599,3.66
weight,1669369807948,3.658
weight,1669369748119,3.658
weight,1669369688291,3.658
weight,1669369628450,3.656
weight,1669369507770,3.654
weight,1669369447911,3.654
weight,1669369388101,3.654
weight,1669369268490,3.65
weight,1669369208642,3.652
weight,1669369148740,3.652
weight,1669368968171,3.648
weight,1669368788699,3.646
weight,1669368668011,3.644
weight,1669368608180,3.646
weight,1669368488489,3.64
weight,1669368308000,3.638
weight,1669368248109,3.64
weight,1669368188271,3.638
weight,1669368128430,3.638
weight,1669368068609,3.636
weight,1669368008760,3.636
weight,1669367947861,3.636
weight,1669367888040,3.636
weight,1669367828208,3.634
weight,1669367708531,3.632
weight,1669367648701,3.632
weight,1669367587860,3.63
weight,1669367468171,3.63
weight,1669367408321,3.628
weight,1669367288639,3.628
weight,1669367227800,3.626
weight,1669367167981,3.624
weight,1669366988480,3.622
weight,1669366928621,3.622
weight,1669366867790,3.622
weight,1669366748099,3.62
weight,1669366627940,3.618
weight,1669366568110,3.62
weight,1669366508259,3.616
weight,1669366448411,3.616
weight,1669366388468,3.614
weight,1669366328630,3.614
weight,1669366208034,3.612
weight,1669366148190,3.612
weight,1669366088350,3.614
weight,1669366028509,3.612
weight,1669365848029,3.608
weight,1669365788199,3.608
weight,1669365728371,3.608
weight,1669365668530,3.608
weight,1669365608688,3.606
weight,1669365547799,3.606
weight,1669365487951,3.604
weight,1669365428100,3.604
weight,1669365368248,3.602
weight,1669365308410,3.602
weight,1669365248571,3.602
weight,1669365188740,3.6
weight,1669365127880,3.6
weight,1669365068047,3.6
weight,1669365008220,3.598
weight,1669364948380,3.6
weight,1669364888549,3.596
weight,1669364828730,3.596
weight,1669364767890,3.596
weight,1669364708050,3.594
weight,1669364648260,3.594
weight,1669364528601,3.594
weight,1669364407940,3.592
weight,1669364288291,3.59
weight,1669364228440,3.59
weight,1669364047950,3.588
weight,1669363988100,3.588
weight,1669363868428,3.586
weight,1669363808581,3.586
weight,1669363747751,3.584
weight,1669363687940,3.582
weight,1669363628091,3.582
weight,1669363568250,3.58
weight,1669363448580,3.58
weight,1669363327920,3.578
weight,1669363028261,3.576
weight,1669362968411,3.574
weight,1669362908580,3.572
weight,1669362728101,3.57
weight,1669362668250,3.57
weight,1669362608409,3.57
weight,1669362548579,3.568
weight,1669362427930,3.568
weight,1669362248441,3.566
weight,1669362188581,3.564
weight,1669362127740,3.564
weight,1669361888380,3.56
weight,1669361767771,3.56
weight,1669361648120,3.558
weight,1669361528451,3.556
weight,1669361468650,3.554
weight,1669361407800,3.554
weight,1669361168520,3.552
weight,1669361108719,3.552
weight,1669360868390,3.548
weight,1669360808569,3.548
weight,1669360687810,3.546
weight,1669360627969,3.546
weight,1669360568110,3.544
weight,1669360508270,3.544
weight,1669360448430,3.542
weight,1669360388590,3.542
weight,1669360328731,3.542
weight,1669360267880,3.54
weight,1669360208040,3.54
weight,1669360148180,3.538
weight,1669360028521,3.538
weight,1669359968670,3.536
weight,1669359848021,3.534
weight,1669359728360,3.534
weight,1669359548221,3.532
weight,1669359488399,3.532
weight,1669359428571,3.53
weight,1669359307981,3.528
weight,1669359248131,3.528
weight,1669359128470,3.526
weight,1669359068619,3.526
weight,1669359007831,3.524
weight,1669358947990,3.524
weight,1669358888150,3.524
weight,1669358708670,3.52
weight,1669358647830,3.52
weight,1669358587989,3.52
weight,1669358528151,3.518
weight,1669358348619,3.516
weight,1669358168139,3.512
weight,1669358108310,3.514
weight,1669358048472,3.51
weight,1669357988640,3.512
weight,1669357927790,3.51
weight,1669357808141,3.51
weight,1669357688480,3.508
weight,1669357628630,3.506
weight,1669357567791,3.508
weight,1669357448120,3.504
weight,1669357388269,3.504
weight,1669357328441,3.502
weight,1669357268600,3.502
weight,1669357088081,3.498
weight,1669357028251,3.498
weight,1669356968418,3.498
weight,1669356908559,3.496
weight,1669356847741,3.496
weight,1669356787921,3.494
weight,1669356668239,3.494
weight,1669356608381,3.494
weight,1669356427929,3.49
weight,1669356368091,3.49
weight,1669356248440,3.488
weight,1669356188580,3.488
weight,1669356127751,3.486
weight,1669356067900,3.486
weight,1669356008041,3.484
weight,1669355888379,3.482
weight,1669355828531,3.482
weight,1669355707840,3.48
weight,1669355588191,3.48
weight,1669355468540,3.478
weight,1669355408710,3.476
weight,1669355347880,3.476
weight,1669355228210,3.474
weight,1669355108580,3.474
weight,1669354987960,3.472
weight,1669354868291,3.47
weight,1669354808451,3.47
weight,1669354748570,3.468
weight,1669354627911,3.466
weight,1669354508270,3.466
weight,1669354388608,3.464
weight,1669354327770,3.464
weight,1669354267929,3.462
weight,1669354208099,3.462
weight,1669354028619,3.46
weight,1669353967770,3.458
weight,1669353907930,3.458
weight,1669353848060,3.456
weight,1669353788219,3.456
weight,1669353728381,3.456
weight,1669353668531,3.454
weight,1669353608680,3.452
weight,1669353487981,3.452
weight,1669353308457,3.45
weight,1669353187830,3.448
weight,1669353068201,3.448
weight,1669353008370,3.446
weight,1669352948530,3.446
weight,1669352888710,3.444
weight,1669352827881,3.446
weight,1669352708240,3.442
weight,1669352588551,3.44
weight,1669352467860,3.44
weight,1669352288271,3.438
weight,1669352228438,3.436
weight,1669352168610,3.436
weight,1669352107749,3.434
weight,1669351988081,3.432
weight,1669351868430,3.432
weight,1669351687908,3.43
weight,1669351568231,3.428
weight,1669351448570,3.426
weight,1669351387729,3.426
weight,1669351327890,3.426
weight,1669351268060,3.426
weight,1669351148369,3.422
weight,1669351028710,3.422
weight,1669350967870,3.42
weight,1669350908070,3.42
weight,1669350848221,3.42
weight,1669350788360,3.418
weight,1669350668699,3.416
weight,1669350607858,3.416
weight,1669350548009,3.416
weight,1669350488160,3.414
weight,1669350428321,3.414
weight,1669350368501,3.412
weight,1669350188031,3.412
weight,1669350128201,3.41
weight,1669350068350,3.41
weight,1669350008510,3.408
weight,1669349768087,3.406
weight,1669349708241,3.404
weight,1669349648410,3.404
weight,1669349588569,3.402
weight,1669349528721,3.402
weight,1669349467871,3.4
weight,1669349408040,3.402
weight,1669349348199,3.4
weight,1669349228520,3.398
weight,1669348988201,3.396
weight,1669348928360,3.394
weight,1669348808650,3.394
weight,1669348747761,3.392
weight,1669348448611,3.388
weight,1669348387780,3.388
weight,1669348327969,3.386
weight,1669348208290,3.386
weight,1669348148430,3.384
weight,1669348027741,3.382
weight,1669347908100,3.382
weight,1669347848239,3.38
weight,1669347788390,3.38
weight,1669347548031,3.378
weight,1669347488190,3.376
weight,1669347428340,3.376
weight,1669347368491,3.374
weight,1669347308631,3.374
weight,1669347247800,3.374
weight,1669347187970,3.372
weight,1669347068331,3.37
weight,1669347008520,3.37
weight,1669346828031,3.368
weight,1669346708390,3.366
weight,1669346648531,3.366
weight,1669346588681,3.366
weight,1669346527858,3.364
weight,1669346468029,3.362
weight,1669346348320,3.36
weight,1669346228649,3.36
weight,1669346107990,3.358
weight,1669346048139,3.356
weight,1669345988291,3.356
weight,1669345928450,3.356
weight,1669345868600,3.354
weight,1669345807769,3.354
weight,1669345628250,3.352
weight,1669345568400,3.352
weight,1669345447740,3.35
weight,1669345387910,3.348
weight,1669345208411,3.346
weight,1669345148520,3.346
weight,1669345088680,3.346
weight,1669344908210,3.342
weight,1669344667920,3.34
weight,1669344608070,3.34
weight,1669344488390,3.338
weight,1669344428550,3.336
weight,1669344367740,3.336
weight,1669344248070,3.334
weight,1669344188230,3.334
weight,1669344128380,3.332
weight,1669344068549,3.332
weight,1669343828191,3.328
weight,1669343708530,3.328
weight,1669343528063,3.324
weight,1669343468240,3.324
weight,1669343408420,3.322
weight,1669343348579,3.322
weight,1669343287740,3.322
weight,1669343227950,3.322
weight,1669342988660,3.318
weight,1669342748230,3.314
weight,1669342567730,3.312
weight,1669342388241,3.31
weight,1669342268550,3.308
weight,1669342207729,3.308
weight,1669342147911,3.306
weight,1669342028270,3.304
weight,1669341968439,3.304
weight,1669341908561,3.304
weight,1669341848700,3.302
weight,1669341787850,3.302
weight,1669341668141,3.3
weight,1669341548370,3.3
weight,1669341367871,3.296
weight,1669341308030,3.296
weight,1669341248190,3.296
weight,1669341188330,3.294
weight,1669341068651,3.294
weight,1669341007870,3.292
weight,1669340948051,3.29
weight,1669340647800,3.286
weight,1669340587980,3.286
weight,1669340468301,3.284
weight,1669340408441,3.284
weight,1669340227921,3.282
weight,1669340168081,3.28
weight,1669340048410,3.278
weight,1669339988551,3.278
weight,1669339927750,3.276
weight,1669339867930,3.278
weight,1669339808110,3.276
weight,1669339748241,3.274
weight,1669339628610,3.274
weight,1669339567779,3.272
weight,1669339448131,3.272
weight,1669339388288,3.27
weight,1669339268651,3.266
weight,1669339207790,3.268
weight,1669339147910,3.266
weight,1669339088119,3.266
weight,1669339028281,3.266
weight,1669338968420,3.266
weight,1669338908620,3.264
weight,1669338788011,3.262
weight,1669338728191,3.262
weight,1669338668340,3.262
weight,1669338608519,3.262
weight,1669338548691,3.26
weight,1669338487871,3.258
weight,1669338428010,3.258
weight,1669338368150,3.256
weight,1669338308311,3.256
weight,1669338248501,3.256
weight,1669338188650,3.256
weight,1669338127810,3.254
weight,1669338008081,3.252
weight,1669337828540,3.25
weight,1669337768711,3.248
weight,1669337648040,3.248
weight,1669337468531,3.246
weight,1669337408740,3.244
weight,1669337228131,3.242
weight,1669337168290,3.242
weight,1669337108479,3.242
weight,1669337048631,3.24
weight,1669336987790,3.24
weight,1669336808260,3.236
weight,1669336748391,3.236
weight,1669336628609,3.236
weight,1669336567761,3.232
weight,1669336507930,3.232
weight,1669336448070,3.232
weight,1669336328421,3.232
weight,1669336268570,3.228
weight,1669336207720,3.228
weight,1669336147891,3.232
weight,1669336088040,3.228
weight,1669336028200,3.226
weight,1669335968350,3.226
weight,1669335908511,3.226
weight,1669335848681,3.224
weight,1669335787839,3.22
weight,1669335728000,3.224
weight,1669335608361,3.224
weight,1669335548470,3.218
weight,1669335487729,3.218
weight,1669335427891,3.218
weight,1669335368050,3.218
weight,1669335308210,3.218
weight,1669335248379,3.216
weight,1669335067940,3.214
weight,1669335008091,3.212
weight,1669334888420,3.212
weight,1669334828580,3.21
weight,1669334767741,3.21
weight,1669334588290,3.206
weight,1669334528461,3.206
weight,1669334347920,3.204
weight,1669334228241,3.202
weight,1669334168420,3.202
weight,1669334108640,3.202
weight,1669334047799,3.2
weight,1669333928132,3.202
weight,1669333868259,3.198
weight,1669333808409,3.196
weight,1669333748591,3.196
weight,1669333687720,3.198
weight,1669333568061,3.192
weight,1669333508211,3.194
weight,1669333448370,3.196
weight,1669333388560,3.192
weight,1669333267891,3.19
weight,1669333208060,3.188
weight,1669333148189,3.188
weight,1669333088361,3.188
weight,1669332968700,3.186
weight,1669332848031,3.184
weight,1669332728340,3.184
weight,1669332668510,3.18
weight,1669332608661,3.18
weight,1669332547810,3.18
weight,1669332487970,3.18
weight,1669332368310,3.176
weight,1669332308471,3.176
weight,1669332248628,3.176
weight,1669332127984,3.176
weight,1669331948419,3.174
weight,1669331888561,3.172
weight,1669331828721,3.172
weight,1669331767862,3.17
weight,1669331707970,3.168
weight,1669331588321,3.166
weight,1669331528470,3.166
weight,1669331468629,3.166
weight,1669331407790,3.166
weight,1669331347950,3.168
weight,1669331288120,3.164
weight,1669331108660,3.162
weight,1669331047810,3.162
weight,1669330987971,3.16
weight,1669330928121,3.16
weight,1669330868310,3.16
weight,1669330748549,3.158
weight,1669330687721,3.154
weight,1669330627911,3.154
weight,1669330568070,3.154
weight,1669330448411,3.15
weight,1669330388580,3.154
weight,1669330327739,3.152
weight,1669330267911,3.15
weight,1669330148220,3.15
weight,1669330088370,3.148
weight,1669330028537,3.148
weight,1669329968713,3.146
weight,1669329728370,3.144
weight,1669329547881,3.142
weight,1669329428210,3.138
weight,1669329368370,3.138
weight,1669329248699,3.14
weight,1669329187890,3.136
weight,1669329128078,3.136
weight,1669329008461,3.134
weight,1669328948649,3.132
weight,1669328887810,3.132
weight,1669328827961,3.132
weight,1669328768131,3.13
weight,1669328648440,3.13
weight,1669328588601,3.126
weight,1669328527790,3.128
weight,1669328348291,3.124
weight,1669328167799,3.122
weight,1669328107971,3.122
weight,1669328048141,3.122
weight,1669327928490,3.118
weight,1669327807830,3.116
weight,1669327568560,3.114
weight,1669327447871,3.114
weight,1669327328220,3.112
weight,1669327208500,3.108
weight,1669327148610,3.108
weight,1669327087770,3.108
weight,1669327027940,3.106
weight,1669326968081,3.106
weight,1669326908236,3.106
weight,1669326848389,3.106
weight,1669326727731,3.102
weight,1669326548223,3.102
weight,1669326367780,3.098
weight,1669326307940,3.098
weight,1669326248089,3.098
weight,1669326188240,3.094
weight,1669326128430,3.094
weight,1669326068590,3.094
weight,1669325888020,3.092
weight,1669325828179,3.09
weight,1669325708370,3.09
weight,1669325648540,3.088
weight,1669325588700,3.088
weight,1669325527861,3.088
weight,1669325468030,3.086
weight,1669325348387,3.084
weight,1669325288551,3.084
weight,1669325228700,3.082
weight,1669325167850,3.082
weight,1669325048261,3.08
weight,1669324988451,3.08
weight,1669324928610,3.08
weight,1669324867779,3.078
weight,1669324807951,3.078
weight,1669324688230,3.076
weight,1669324628390,3.074
weight,1669324508691,3.074
weight,1669324447865,3.072
weight,1669324388009,3.072
weight,1669324328161,3.072
weight,1669324268340,3.07
weight,1669324087849,3.068
weight,1669324028010,3.066
weight,1669323968169,3.064
weight,1669323848501,3.064
weight,1669323788680,3.062
weight,1669323608160,3.062
weight,1669323548261,3.06
weight,1669323488451,3.06
weight,1669323428610,3.058
weight,1669323367839,3.058
weight,1669323308040,3.058
weight,1669323248188,3.056
weight,1669323128539,3.054
weight,1669323068691,3.054
weight,1669323007850,3.052
weight,1669322948020,3.052
weight,1669322888169,3.05
weight,1669322768500,3.05
weight,1669322647829,3.048
weight,1669322588031,3.046
weight,1669322528181,3.046
weight,1669322348621,3.044
weight,1669322227970,3.042
weight,1669322168119,3.042
weight,1669322108271,3.04
weight,1669321988640,3.04
weight,1669321927830,3.038
weight,1669321688529,3.034
weight,1669321628711,3.034
weight,1669321567860,3.034
weight,1669321508030,3.032
weight,1669321448189,3.032
weight,1669321388350,3.03
weight,1669321267719,3.03
weight,1669321148071,3.026
weight,1669321088220,3.026
weight,1669321028379,3.026
weight,1669320968549,3.024
weight,1669320908691,3.024
weight,1669320847850,3.024
weight,1669320728191,3.022
weight,1669320487921,3.018
weight,1669320368280,3.016
weight,1669320308439,3.016
weight,1669320187790,3.014
weight,1669320127940,3.012
weight,1669320068139,3.012
weight,1669319948421,3.01
weight,1669319888590,3.01
weight,1669319827760,3.01
weight,1669319528599,3.004
weight,1669319407928,3.004
weight,1669319288291,3.002
weight,1669319228438,3.002
weight,1669319047931,2.998
weight,1669318988090,2.996
weight,1669318928258,2.996
weight,1669318808611,2.996
weight,1669318747740,2.994
weight,1669318628101,2.994
weight,1669318568251,2.992
weight,1669318508430,2.99
weight,1669318448599,2.99
weight,1669318327939,2.988
weight,1669318208289,2.986
weight,1669318148441,2.986
weight,1669318088600,2.986
weight,1669318028760,2.984
weight,1669317967881,2.984
weight,1669317908031,2.984
weight,1669317848190,2.982
weight,1669317788340,2.982
weight,1669317728519,2.98
weight,1669317668671,2.98
weight,1669317607831,2.98
weight,1669317488131,2.978
weight,1669317428270,2.976
weight,1669317368430,2.976
weight,1669317247761,2.974
weight,1669317187950,2.974
weight,1669317128090,2.974
weight,1669317068259,2.972
weight,1669317008451,2.97
weight,1669316948630,2.97
weight,1669316768161,2.968
weight,1669316648540,2.966
weight,1669316348300,2.962
weight,1669316107989,2.96
weight,1669316048149,2.96
weight,1669315988331,2.96
weight,1669315807851,2.96
weight,1669315628420,2.962
weight,1669315447970,2.776
weight,1669315388120,2.776
weight,1669315328281,2.774
weight,1669315268470,2.774
weight,1669315208620,2.772
weight,1669315147747,2.772
weight,1669315087921,2.77
weight,1669314848621,2.768
weight,1669314787770,2.766
weight,1669314668086,2.764
weight,1669314548229,2.764
weight,1669314488390,2.762
weight,1669314368720,2.762
weight,1669314248039,2.76
weight,1669314188181,2.758
weight,1669314128361,2.758
weight,1669314068530,2.756
weight,1669314008680,2.756
weight,1669313985810,2.756
weight,1669311428316,2.756
weight,1669311247787,2.752
weight,1669311187946,2.752
weight,1669311008477,2.75
weight,1669310948666,2.748
weight,1669310827997,2.746
weight,1669310768186,2.746
weight,1669310708356,2.744
weight,1669310648536,2.744
weight,1669310588677,2.744
weight,1669310527847,2.742
weight,1669310408184,2.74
weight,1669310348317,2.74
weight,1669310288467,2.736
weight,1669310228636,2.738
weight,1669310167887,2.736
weight,1669310108049,2.736
weight,1669309988386,2.734
weight,1669309928536,2.734
weight,1669309868697,2.734
weight,1669309807856,2.734
weight,1669309688197,2.732
weight,1669309628357,2.73
weight,1669309568516,2.728
weight,1669309508685,2.73
weight,1669309268366,2.726
weight,1669309208476,2.724
weight,1669309148618,2.724
weight,1669309087767,2.724
weight,1669309027927,2.722
weight,1669308908257,2.72
weight,1669308848417,2.718
weight,1669308788556,2.718
weight,1669308727715,2.718
weight,1669308667906,2.718
weight,1669308608066,2.718
weight,1669308548216,2.716
weight,1669308488375,2.714
weight,1669308368716,2.714
weight,1669308307905,2.712
weight,1669308188256,2.71
weight,1669308068566,2.59
weight,1669308008716,2.71
weight,1669307947876,0.104
weight,1669307888016,2.708
weight,1669307828164,2.706
weight,1669307708486,2.704
weight,1669307648636,2.704
weight,1669307587805,2.704
weight,1669307527966,2.704
weight,1669307408247,2.7
weight,1669307348396,2.7
weight,1669307288568,2.698
weight,1669307228717,2.698
weight,1669307167876,2.696
weight,1669307108025,2.696
weight,1669307048185,2.696
weight,1669306988337,2.694
weight,1669306928496,2.694
weight,1669306868655,2.692
weight,1669306807808,2.692
weight,1669306628285,2.69
weight,1669306568437,2.688
weight,1669306447754,2.684
weight,1669306328087,2.686
weight,1669306208436,2.684
weight,1669306148585,2.682
weight,1669306027946,2.682
weight,1669305968106,2.68
weight,1669305848467,2.678
weight,1669305727786,2.676
weight,1669305667978,2.676
weight,1669305608107,2.676
weight,1669305548217,2.668
weight,1669305488376,2.672
weight,1669305428526,2.674
weight,1669305307896,2.67
weight,1669305248046,2.67
weight,1669305188206,2.67
weight,1669305128368,2.668
weight,1669305008676,2.666
weight,1669304947838,2.666
weight,1669304828146,2.664
weight,1669304708487,2.662
weight,1669304587806,2.66
weight,1669304527976,2.66
weight,1669304408337,2.658
weight,1669304348446,2.658
weight,1669304227807,2.654
weight,1669304108226,2.652
weight,1669304048396,2.652
weight,1669303867886,2.648
weight,1669303748217,2.648
weight,1669303688357,2.646
weight,1669303628516,2.646
weight,1669303328366,2.642
weight,1669303147794,2.638
weight,1669303087955,2.638
weight,1669303028118,2.636
weight,1669302908446,2.634
weight,1669302848613,2.634
weight,1669302727964,2.632
weight,1669302608298,2.63
weight,1669302548457,2.63
weight,1669302488616,2.628
weight,1669302427776,2.628
weight,1669302367947,2.626
weight,1669302308127,2.626
weight,1669302248306,2.624
weight,1669302128646,2.624
weight,1669301948067,2.62
weight,1669301768577,2.616
weight,1669301468436,2.612
weight,1669301408586,2.612
weight,1669301347736,2.612
weight,1669301287897,2.61
weight,1669301228056,2.61
weight,1669301168265,2.608
weight,1669301108415,2.608
weight,1669300928296,2.606
weight,1669300808637,2.604
weight,1669300687896,2.602
weight,1669300507946,2.6
weight,1669300448096,2.598
weight,1669300328427,2.598
weight,1669300268596,2.596
weight,1669300147907,2.594
weight,1669300088056,2.594
weight,1669300028196,2.592
weight,1669299968346,2.592
weight,1669299908507,2.59
weight,1669299848667,2.59
weight,1669299787858,2.588
weight,1669299728006,2.588
weight,1669299668167,2.586
weight,1669299548277,2.584
weight,1669299488416,2.584
weight,1669299367747,2.582
weight,1669299248056,2.582
weight,1669299188227,2.582
weight,1669299128386,2.578
weight,1669299068546,2.578
weight,1669298947857,2.576
weight,1669298708497,2.572
weight,1669298648667,2.572
weight,1669298587806,2.57
weight,1669298468167,2.57
weight,1669298408276,2.568
weight,1669298348396,2.568
weight,1669298288566,2.566
weight,1669298167927,2.564
weight,1669298048265,2.562
weight,1669297988427,2.56
weight,1669297807945,2.558
weight,1669297748097,2.558
weight,1669297568606,2.556
weight,1669297447956,2.554
weight,1669297328336,2.552
weight,1669297268487,2.55
weight,1669297208646,2.55
weight,1669297147736,2.548
weight,1669297028097,2.548
weight,1669296968246,2.548
weight,1669296908405,2.546
weight,1669296787736,2.544
weight,1669296727886,2.542
weight,1669296608206,2.54
weight,1669296548366,2.54
weight,1669296488526,2.538
weight,1669296308116,2.536
weight,1669296248276,2.536
weight,1669296188435,2.536
weight,1669296128627,2.534
weight,1669296007956,2.532
weight,1669295948078,2.53
weight,1669295888247,2.53
weight,1669295828427,2.528
weight,1669295707758,2.526
weight,1669295528266,2.524
weight,1669295468397,2.524
weight,1669295347735,2.522
weight,1669295287896,2.52
weight,1669295228057,2.52
weight,1669295168207,2.518
weight,1669294927887,2.516
weight,1669294868066,2.514
weight,1669294808204,2.512
weight,1669294748325,2.512
weight,1669294688477,2.51
weight,1669294567837,2.51
weight,1669294448187,2.508
weight,1669294388326,2.508
weight,1669294268705,2.504
weight,1669294207877,2.504
weight,1669294148064,2.502
weight,1669294088246,2.502
weight,1669294028396,2.502
weight,1669293968547,2.5
weight,1669293908686,2.5
weight,1669293847825,2.498
weight,1669293728167,2.496
weight,1669293668336,2.496
weight,1669293548627,2.494
weight,1669293188656,2.488
weight,1669293127806,2.488
weight,1669293067985,2.488
weight,1669293008127,2.486
weight,1669292948266,2.486
weight,1669292888406,2.486
weight,1669292828525,2.484
weight,1669292768665,2.482
weight,1669292647996,2.48
weight,1669292528317,2.48
weight,1669292468487,2.478
weight,1669292347776,2.476
weight,1669292287927,2.476
weight,1669292168296,2.474
weight,1669291987786,2.472
weight,1669291927946,2.47
weight,1669291748437,2.466
weight,1669291508104,2.464
weight,1669291448276,2.464
weight,1669291388426,2.462
weight,1669291088205,2.458
weight,1669291028367,2.458
weight,1669290968527,2.456
weight,1669290908706,2.454
weight,1669290847866,2.452
weight,1669290788037,2.452
weight,1669290608556,2.45
weight,1669290548715,2.448
weight,1669290487887,2.448
weight,1669290428036,2.448
weight,1669290368185,2.448
weight,1669290308357,2.446
weight,1669290248514,2.444
weight,1669290188686,2.442
weight,1669289888495,2.438
weight,1669289828647,2.436
weight,1669289767834,2.436
weight,1669289708006,2.436
weight,1669289588307,2.434
weight,1669289528477,2.432
weight,1669289468636,2.432
weight,1669289347997,2.43
weight,1669289288177,2.428
weight,1669289228326,2.426
weight,1669289108627,2.426
weight,1669289047784,2.424
weight,1669288987946,2.426
weight,1669288928106,2.422
weight,1669288868277,2.422
weight,1669288808427,2.422
weight,1669288748546,2.42
weight,1669288687726,2.42
weight,1669288568056,2.416
weight,1669288508224,2.416
weight,1669288327777,2.412
weight,1669288267946,2.412
weight,1669288088437,2.412
weight,1669287728486,2.388
weight,1669287668656,2.388
weight,1669287608758,2.388
weight,1669287547857,2.386
weight,1669287488005,2.384
weight,1669287428177,2.382
weight,1669287368337,2.382
weight,1669287308516,2.38
weight,1669287248695,2.378
weight,1669287187825,2.378
weight,1669287068136,2.376
weight,1669287008335,2.374
weight,1669286948525,2.374
weight,1669286888686,2.372
weight,1669286768046,2.37
weight,1669286708206,2.37
weight,1669286648365,2.368
weight,1669286588527,2.368
weight,1669286528684,2.366
weight,1669286467857,2.364
weight,1669286288296,2.362
weight,1669286228435,2.36
weight,1669286168607,2.356
weight,1669286107787,2.356
weight,1669286047976,2.354
weight,1669285868534,2.352
weight,1669285808686,2.35
weight,1669285747825,2.348
weight,1669285687977,2.346
weight,1669285628156,2.346
weight,1669285568306,2.344
weight,1669285508456,2.342
weight,1669285448615,2.34
weight,1669285387786,2.34
weight,1669285208315,2.33
weight,1669285148436,2.316
weight,1669285088615,2.398
weight,1669285027747,2.398
weight,1669284967916,2.396
weight,1669284728636,2.39
weight,1669284667796,2.39
weight,1669284548108,2.39
weight,1669284488256,2.388
weight,1669284428416,2.388
weight,1669284188097,2.382
weight,1669284128256,2.382
weight,1669284068428,2.382
weight,1669283948687,2.378
weight,1669283768207,2.394
weight,1669283708386,2.37
weight,1669283348435,2.364
weight,1669283167916,2.362
weight,1669283108077,2.36
weight,1669282988426,2.36
weight,1669282867758,2.358
weight,1669282688235,2.354
weight,1669282628407,2.354
weight,1669282568567,2.354
weight,1669282447935,2.354
weight,1669282268426,2.348
weight,1669282208595,2.348
weight,1669282147767,2.346
weight,1669282028116,2.344
weight,1669281968295,2.344
weight,1669281908457,2.342
weight,1669281848616,2.34
weight,1669281668136,2.462
weight,1669281427806,2.472
weight,1669281367966,2.468
weight,1669281308126,2.468
weight,1669281248287,2.468
weight,1669281188437,2.466
weight,1669280948146,2.464
weight,1669280768627,2.46
weight,1669280588156,2.458
weight,1669280528315,2.456
weight,1669280347744,2.452
weight,1669280287946,2.454
weight,1669280168307,2.45
weight,1669280048616,2.45
weight,1669279987777,2.448
weight,1669279868156,2.448
weight,1669279627846,2.442
weight,1669279508187,2.442
weight,1669279448346,2.44
weight,1669279388516,2.438
weight,1669279328666,2.438
weight,1669279267816,2.436
weight,1669279207986,2.436
weight,1669279148095,2.436
weight,1669279088267,2.434
weight,1669279028447,2.434
weight,1669278968577,2.434
weight,1669278907746,2.432
weight,1669278608628,2.428
weight,1669278547797,2.426
weight,1669278487966,2.426
weight,1669278428126,2.424
weight,1669278368287,2.424
weight,1669278308507,2.424
weight,1669278248667,2.422
weight,1669278127987,2.42
weight,1669277948166,2.418
weight,1669277888317,2.416
weight,1669277828486,2.416
weight,1669277707846,2.414
weight,1669277648028,2.414
weight,1669277528364,2.412
weight,1669277408706,2.41
weight,1669277347856,2.408
weight,1669277288036,2.408
weight,1669277168357,2.408
weight,1669277108526,2.406
weight,1669277048686,2.404
weight,1669276987857,2.404
weight,1669276928067,2.402
weight,1669276868216,2.402
weight,1669276808307,2.4
weight,1669276748416,2.4
weight,1669276688606,2.398
weight,1669276627796,2.398
weight,1669276567967,2.396
weight,1669276448315,2.396
weight,1669276388477,2.394
weight,1669276267826,2.392
weight,1669276207997,2.392
weight,1669276148167,2.392
weight,1669276028475,2.39
weight,1669275968677,2.388
weight,1669275848014,2.386
weight,1669275608726,2.382
weight,1669275547855,2.382
weight,1669275488045,2.38
weight,1669275428187,2.38
weight,1669275368336,2.378
weight,1669275308476,2.378
weight,1669275187807,2.376
weight,1669275127966,2.374
weight,1669275068134,2.374
weight,1669274948487,2.37
weight,1669274888676,2.37
weight,1669274708217,2.368
weight,1669274588616,2.366
weight,1669274348266,2.362
weight,1669274228597,2.36
weight,1669274167737,2.36
weight,1669274107956,2.36
weight,1669273988287,2.356
weight,1669273928436,2.356
weight,1669273868596,2.356
weight,1669273568427,2.352
weight,1669273447816,2.348
weight,1669273387976,2.348
weight,1669273328127,2.348
weight,1669273268277,2.346
weight,1669273208377,2.346
weight,1669273088675,2.344
weight,1669273027877,2.342
weight,1669272968037,2.34
weight,1669272848406,2.34
weight,1669272788556,2.338
weight,1669272728727,2.338
weight,1669272667876,2.336
weight,1669272548251,2.334
weight,1669272428576,2.334
weight,1669272367737,2.332
weight,1669272248066,2.33
weight,1669272128376,2.328
weight,1669272008736,2.326
weight,1669271947846,2.326
weight,1669271888017,2.324
weight,1669271828184,2.324
weight,1669271768336,2.324
weight,1669271708495,2.322
weight,1669271648656,2.32
weight,1669271527995,2.32
weight,1669271408347,2.316
weight,1669271348495,2.316
weight,1669271288646,2.316
weight,1669271227816,2.314
weight,1669271167976,2.312
weight,1669270988495,2.31
weight,1669270867845,2.308
weight,1669270808024,2.308
weight,1669270748145,2.308
weight,1669270688297,2.306
weight,1669270568636,2.304
weight,1669270447995,2.302
weight,1669270388157,2.302
weight,1669270328316,2.3
weight,1669270268486,2.3
weight,1669270147807,2.296
weight,1669270087986,2.296
weight,1669270028137,2.296
weight,1669269968307,2.294
weight,1669269848685,2.292
weight,1669269728007,2.292
weight,1669269668167,2.29
weight,1669269608307,2.288
weight,1669269548425,2.288
weight,1669269488566,2.288
weight,1669269367916,2.286
weight,1669269308085,2.284
weight,1669269188457,2.282
weight,1669269128606,2.28
weight,1669269067757,2.28
weight,1669269007928,2.28
weight,1669268948107,2.278
weight,1669268828426,2.276
weight,1669268768626,2.276
weight,1669268707787,2.274
weight,1669268588095,2.272
weight,1669268528257,2.272
weight,1669268408614,2.27
weight,1669268287937,2.266
weight,1669268228086,2.266
weight,1669268168276,2.266
weight,1669268108425,2.264
weight,1669267987747,2.264
weight,1669267927916,2.262
weight,1669267808277,2.26
weight,1669267688626,2.258
weight,1669267627776,2.258
weight,1669267567947,2.256
weight,1669267508107,2.256
weight,1669267448257,2.254
weight,1669267388416,2.254
weight,1669267328578,2.252
weight,1669267267737,2.252
weight,1669267088227,2.248
weight,1669266968566,2.248
weight,1669266908726,2.244
weight,1669266847887,2.244
weight,1669266788037,2.244
weight,1669266728216,2.242
weight,1669266668426,2.242
weight,1669266608597,2.24
weight,1669266428086,2.238
weight,1669266368268,2.236
weight,1669266308435,2.236
weight,1669266068107,2.232
weight,1669266008235,2.232
weight,1669265948346,2.23
weight,1669265828667,2.228
weight,1669265767837,2.228
weight,1669265648196,2.226
weight,1669265588356,2.224
weight,1669265528537,2.224
weight,1669265288237,2.22
weight,1669265228386,2.218
weight,1669265168546,2.218
weight,1669265108717,2.216
weight,1669265047916,2.216
weight,1669264928265,2.214
weight,1669264747726,2.21
weight,1669264687938,2.21
weight,1669264628127,2.21
weight,1669264568296,2.208
weight,1669264508456,2.206
weight,1669264388717,2.206
weight,1669264327886,2.204
weight,1669264210273,2.202
weight,1669264028017,2.198
weight,1669263968138,2.198
weight,1669263908267,2.198
weight,1669263848436,2.196
weight,1669263788566,2.196
weight,1669263728698,2.196
weight,1669263667847,2.194
weight,1669263548156,2.192
weight,1669263428507,2.19
weight,1669263248047,2.188
weight,1669263128357,2.186
weight,1669263068504,2.184
weight,1669263008637,2.182
weight,1669262947807,2.182
weight,1669262887966,2.182
weight,1669262768317,2.18
weight,1669262648606,2.178
weight,1669262587746,2.176
weight,1669262288486,2.17
weight,1669262167856,2.17
weight,1669261988357,2.166
weight,1669261928527,2.166
weight,1669261807867,2.164
weight,1669261748127,2.162
weight,1669261628416,2.16
weight,1669261568547,2.16
weight,1669261388106,2.158
weight,1669261328257,2.156
weight,1669261268427,2.154
weight,1669261148723,2.152
weight,1669261028047,2.15
weight,1669260968216,2.15
weight,1669260908356,2.148
weight,1669260788686,2.146
weight,1669260727826,2.146
weight,1669260667985,2.144
weight,1669260548277,2.142
weight,1669260488406,2.142
weight,1669260428583,2.14
weight,1669260367747,2.138
weight,1669260307907,2.138
weight,1669260248056,2.138
weight,1669260188185,2.136
weight,1669260128337,2.134
weight,1669260068476,2.136
weight,1669259947755,2.132
weight,1669259887917,2.132
weight,1669259828076,2.13
weight,1669259708403,2.128
weight,1669259527936,2.124
weight,1669259468087,2.124
weight,1669259408237,2.124
weight,1669259288576,2.122
weight,1669259227757,2.122
weight,1669259167957,2.12
weight,1669259108096,2.12
weight,1669258928549,2.116
weight,1669258807797,2.114
weight,1669258747896,2.114
weight,1669258568416,2.11
weight,1669258508556,2.11
weight,1669258448737,2.108
weight,1669258387886,2.106
weight,1669258328026,2.106
weight,1669258268168,2.106
weight,1669258208337,2.104
weight,1669258027827,2.1
weight,1669257967997,2.1
weight,1669257908146,2.1
weight,1669257848286,2.098
weight,1669257728627,2.096
weight,1669257667806,2.094
weight,1669257607966,2.094
weight,1669257548077,2.092
weight,1669257488517,2.092
weight,1669257428687,2.092
weight,1669257367836,2.09
weight,1669257307966,2.09
weight,1669257248127,2.088
weight,1669257128485,2.086
weight,1669257007816,2.084
weight,1669256947966,2.084
weight,1669256828277,2.082
weight,1669256708616,2.078
weight,1669256528157,2.076
weight,1669256348637,2.074
weight,1669256287786,2.072
weight,1669256227936,2.07
weight,1669256048446,2.068
weight,1669255988606,2.066
weight,1669255867917,2.064
weight,1669255808106,2.064
weight,1669255748275,2.064
weight,1669255688427,2.062
weight,1669255567806,2.06
weight,1669255507975,2.058
weight,1669255448187,2.056
weight,1669255388329,2.056
weight,1669255328486,2.054
weight,1669255207876,2.054
weight,1669255148047,2.054
weight,1669255088227,2.052
weight,1669254907747,2.048
weight,1669254847906,2.048
weight,1669254788076,2.046
weight,1669254668397,2.044
weight,1669254608567,2.042
weight,1669254547756,2.044
weight,1669254487907,2.04
weight,1669254428067,2.04
weight,1669254368226,2.04
weight,1669254188727,2.036
weight,1669254127926,2.034
weight,1669254068096,2.034
weight,1669254008258,2.032
weight,1669253948406,2.032
weight,1669253888587,2.032
weight,1669253827756,2.03
weight,1669253708097,2.028
weight,1669253588435,2.026
weight,1669253407926,2.024
weight,1669253348096,2.022
weight,1669253168616,2.018
weight,1669253107776,2.018
weight,1669252988127,2.016
weight,1669252928287,2.016
weight,1669252868446,2.014
weight,1669252748737,2.01
weight,1669252687896,2.01
weight,1669252568187,2.008
weight,1669252508357,2.008
weight,1669252387726,2.006
weight,1669252327907,2.004
weight,1669252268077,2.004
weight,1669252208236,2.002
weight,1669252148396,2.002
weight,1669252088538,2.002
weight,1669252028696,2.0
weight,1669251967897,1.998
weight,1669251908086,1.998
weight,1669251848267,1.996
weight,1669251788407,1.996
weight,1669251668716,1.992
weight,1669251607835,1.992
weight,1669251308717,1.988
weight,1669251247876,1.986
weight,1669251128176,1.984
weight,1669251008497,1.982
weight,1669250948686,1.98
weight,1669250887853,1.98
weight,1669250828057,1.98
weight,1669250768207,1.978
weight,1669250708367,1.978
weight,1669250648566,1.976
weight,1669250527914,1.974
weight,1669250468066,1.972
weight,1669250408216,1.972
weight,1669250348337,1.972
weight,1669250228674,1.97
weight,1669250167826,1.968
weight,1669250107997,1.966
weight,1669250048147,1.966
weight,1669249928485,1.962
weight,1669249807877,1.962
weight,1669249748036,1.96
weight,1669249688216,1.96
weight,1669249568567,1.956
weight,1669249447927,1.956
weight,1669249388116,1.954
weight,1669249328286,1.952
weight,1669249268456,1.952
weight,1669249208616,1.95
weight,1669249087936,1.95
weight,1669249028106,1.948
weight,1669248968268,1.946
weight,1669248908427,1.946
weight,1669248787796,1.944
weight,1669248668186,1.942
weight,1669248608346,1.94
weight,1669248488678,1.94
weight,1669248427827,1.936
weight,1669248367986,1.936
weight,1669248308146,1.934
weight,1669248188474,1.932
weight,1669248067816,1.93
weight,1669248007946,1.93
weight,1669247948067,1.928
weight,1669247828416,1.926
weight,1669247768567,1.924
weight,1669247707767,1.924
weight,1669247647937,1.922
weight,1669247588096,1.922
weight,1669247528247,1.922
weight,1669247468417,1.92
weight,1669247347766,1.918
weight,1669247287937,1.918
weight,1669247228097,1.916
weight,1669247108456,1.912
weight,1669246987787,1.91
weight,1669246927964,1.91
weight,1669246868125,1.91
weight,1669246748447,1.906
weight,1669246688626,1.906
weight,1669246627766,1.904
weight,1669246567915,1.902
weight,1669246508067,1.902
weight,1669246448226,1.902
weight,1669246388396,1.9
weight,1669246207906,1.896
weight,1669246148086,1.896
weight,1669246088247,1.894
weight,1669245968607,1.892
weight,1669245907786,1.892
weight,1669245788117,1.89
weight,1669245728326,1.888
weight,1669245668496,1.888
weight,1669245608687,1.886
weight,1669245547794,1.884
weight,1669245487966,1.884
weight,1669245428147,1.882
weight,1669245308466,1.88
weight,1669245248655,1.878
weight,1669245128007,1.876
weight,1669245008336,1.874
weight,1669244887746,1.874
weight,1669244708256,1.87
weight,1669244648424,1.87
weight,1669244588576,1.866
weight,1669244527737,1.866
weight,1669244408017,1.864
weight,1669244348096,1.862
weight,1669244288256,1.862
weight,1669244228396,1.86
weight,1669244168577,1.86
weight,1669244107746,1.858
weight,1669243988077,1.856
weight,1669243928246,1.854
weight,1669243868436,1.854
weight,1669243808595,1.852
weight,1669243508507,1.848
weight,1669243387897,1.846
weight,1669243268227,1.844
weight,1669243208374,1.842
weight,1669243148506,1.84
weight,1669243088666,1.84
weight,1669243027787,1.838
weight,1669242908166,1.836
weight,1669242788507,1.834
weight,1669242728657,1.832
weight,1669242667786,1.832
weight,1669242548127,1.83
weight,1669242368626,1.826
weight,1669242247967,1.824
weight,1669242008627,1.82
weight,1669241947744,1.818
weight,1669241828097,1.816
weight,1669241648625,1.812
weight,1669241587787,1.812
weight,1669241408307,1.808
weight,1669241348557,1.808
weight,1669241227926,1.804
weight,1669241168068,1.804
weight,1669241108237,1.802
weight,1669241048404,1.8
weight,1669240808017,1.796
weight,1669240748146,1.796
weight,1669240688296,1.794
weight,1669240568647,1.792
weight,1669240447986,1.79
weight,1669240388147,1.79
weight,1669240328307,1.788
weight,1669240268446,1.786
weight,1669240208616,1.786
weight,1669240147757,1.784
weight,1669240087946,1.782
weight,1669240028124,1.782
weight,1669239908477,1.78
weight,1669239727988,1.776
weight,1669239668156,1.776
weight,1669239608326,1.772
weight,1669239367966,1.77
weight,1669239307795,1.768
weight,1669239128316,1.764
weight,1669239008665,1.762
weight,1669238828126,1.758
weight,1669238768278,1.758
weight,1669238648617,1.754
weight,1669238527967,1.754
weight,1669238468117,1.752
weight,1669238348426,1.748
weight,1669238227746,1.748
weight,1669238167897,1.746
weight,1669238108066,1.746
weight,1669238048227,1.744
weight,1669237988416,1.742
weight,1669237928556,1.742
weight,1669237868716,1.74
weight,1669237688206,1.736
weight,1669237628408,1.734
weight,1669237568547,1.734
weight,1669237447886,1.732
weight,1669237388035,1.732
weight,1669237328206,1.73
weight,1669237268356,1.728
weight,1669237148616,1.726
weight,1669237087757,1.724
weight,1669237027937,1.724
weight,1669236968096,1.722
weight,1669236908266,1.72
weight,1669236848425,1.72
weight,1669236788607,1.718
weight,1669236608138,1.714
weight,1669236548308,1.714
weight,1669236488466,1.714
weight,1669236428645,1.712
weight,1669236367827,1.71
weight,1669236308007,1.71
weight,1669236248156,1.708
weight,1669236188346,1.708
weight,1669236128507,1.704
weight,1669236068637,1.704
weight,1669236007786,1.704
weight,1669235888098,1.702
weight,1669235828287,1.7
weight,1669235708626,1.698
weight,1669235528096,1.694
weight,1669235468256,1.694
weight,1669235408407,1.692
weight,1669235348556,1.69
weight,1669235287736,1.69
weight,1669235227915,1.688
weight,1669235168087,1.686
weight,1669234988636,1.684
weight,1669234927797,1.682
weight,1669234867967,1.682
weight,1669234748246,1.678
weight,1669234688407,1.678
weight,1669234628557,1.676
weight,1669234568725,1.674
weight,1669234507875,1.674
weight,1669234448087,1.672
weight,1669234328416,1.67
weight,1669234268573,1.668
weight,1669234147956,1.666
weight,1669234088116,1.666
weight,1669234028276,1.664
weight,1669233968427,1.664
weight,1669233908626,1.66
weight,1669233847786,1.66
weight,1669233668296,1.658
weight,1669233548586,1.654
weight,1669233487757,1.654
weight,1669233427946,1.652
weight,1669233248397,1.648
weight,1669233188566,1.646
weight,1669233128746,1.646
weight,1669233008027,1.642
weight,1669232888375,1.642
weight,1669232828558,1.64
weight,1669232767736,1.638
weight,1669232707896,1.638
weight,1669232528407,1.634
weight,1669232468586,1.632
weight,1669232347877,1.63
weight,1669232228226,1.628
weight,1669232108557,1.624
weight,1669231868247,1.62
weight,1669231808407,1.618
weight,1669231748566,1.618
weight,1669231687738,1.616
weight,1669231568096,1.614
weight,1669231508266,1.612
weight,1669231448426,1.612
weight,1669231327756,1.61
weight,1669231208086,1.606
weight,1669231088386,1.604
weight,1669231028556,1.602
weight,1669230968695,1.602
weight,1669230728408,1.596
weight,1669230668577,1.594
weight,1669230547936,1.592
weight,1669230488127,1.592
weight,1669230428277,1.59
weight,1669230247867,1.586
weight,1669230128236,1.584
weight,1669230068396,1.582
weight,1669229828056,1.576
weight,1669229768218,1.576
weight,1669229648566,1.574
weight,1669229587736,1.572
weight,1669229527917,1.57
weight,1669229468097,1.57
weight,1669229348406,1.568
weight,1669229288567,1.566
weight,1669229227727,1.564
weight,1669229167906,1.564
weight,1669228988407,1.558
weight,1669228928567,1.556
weight,1669228868725,1.556
weight,1669228748007,1.554
weight,1669228688176,1.554
weight,1669228628336,1.552
weight,1669228568487,1.552
weight,1669228508687,1.548
weight,1669228447876,1.548
weight,1669228388056,1.546
weight,1669228328207,1.546
weight,1669228268367,1.542
weight,1669228148663,1.542
weight,1669228087827,1.54
weight,1669228027987,1.54
weight,1669227908356,1.536
weight,1669227848507,1.534
weight,1669227727866,1.532
weight,1669227668026,1.532
weight,1669227548327,1.528
weight,1669227488496,1.528
weight,1669227428656,1.526
weight,1669227307967,1.524
weight,1669227248146,1.522
weight,1669227188316,1.52
weight,1669227068646,1.518
weight,1669227007826,1.516
weight,1669226948006,1.516
weight,1669226888157,1.512
weight,1669226828317,1.512
weight,1669226768496,1.512
weight,1669226647827,1.508
weight,1669226528156,1.506
weight,1669226468336,1.504
weight,1669226408464,1.504
weight,1669226288727,1.5
weight,1669226227916,1.5
weight,1669226168076,1.498
weight,1669225988586,1.494
weight,1669225927736,1.494
weight,1669225867897,1.49
weight,1669225808057,1.49
weight,1669225748216,1.488
weight,1669225628559,1.486
weight,1669225567727,1.484
weight,1669225507906,1.484
weight,1669225448076,1.482
weight,1669225328396,1.48
weight,1669225268556,1.478
weight,1669224968416,1.472
weight,1669224908557,1.47
weight,1669224848716,1.47
weight,1669224728046,1.466
weight,1669224608346,1.462
weight,1669224488675,1.46
weight,1669224427817,1.46
weight,1669224248348,1.456
weight,1669224008045,1.45
weight,1669223948167,1.448
weight,1669223888326,1.446
weight,1669223828486,1.444
weight,1669223768686,1.444
weight,1669223707857,1.442
weight,1669223588256,1.44
weight,1669223528436,1.438
weight,1669223468587,1.436
weight,1669223347986,1.434
weight,1669223228307,1.432
weight,1669223168456,1.43
weight,1669223108615,1.428
weight,1669222987959,1.426
weight,1669222928137,1.424
weight,1669222868296,1.422
weight,1669222808414,1.422
weight,1669222748526,1.42
weight,1669222688717,1.418
weight,1669222627867,1.416
weight,1669222568056,1.416
weight,1669222448387,1.414
weight,1669222328726,1.41
weight,1669222208077,1.408
weight,1669222148237,1.406
weight,1669222028556,1.404
weight,1669221907916,1.4
weight,1669221848076,1.398
weight,1669221788245,1.398
weight,1669221728428,1.396
weight,1669221668587,1.396
weight,1669221487777,1.39
weight,1669221368166,1.388
weight,1669221188637,1.384
weight,1669221008187,1.378
weight,1669220948337,1.378
weight,1669220888496,1.376
weight,1669220828645,1.374
weight,1669220767805,1.374
weight,1669220707987,1.374
weight,1669220648136,1.372
weight,1669220528477,1.368
weight,1669220468657,1.368
weight,1669220407824,1.366
weight,1669220347955,1.364
weight,1669220168486,1.36
weight,1669220108645,1.358
weight,1669219987967,1.354
weight,1669219928126,1.354
weight,1669219808457,1.352
weight,1669219748597,1.348
weight,1669219687746,1.348
weight,1669219627917,1.346
weight,1669219508267,1.344
weight,1669219448416,1.342
weight,1669219388566,1.34
weight,1669219208027,1.336
weight,1669219148146,1.334
weight,1669219088297,1.332
weight,1669219028467,1.332
weight,1669218968657,1.33
weight,1669218907826,1.328
weight,1669218847997,1.328
weight,1669218788167,1.326
weight,1669218668526,1.322
weight,1669218608697,1.322
weight,1669218547857,1.32
weight,1669218428185,1.318
weight,1669218248706,1.312
weight,1669218187855,1.31
weight,1669218068197,1.308
weight,1669217948456,1.306
weight,1669217888627,1.304
weight,1669217827777,1.302
weight,1669217708107,1.298
weight,1669217648267,1.298
weight,1669217528606,1.294
weight,1669217467767,1.294
weight,1669217348176,1.29
weight,1669217167726,1.286
weight,1669217107886,1.284
weight,1669217048066,1.284
weight,1669216988237,1.28
weight,1669216868587,1.278
weight,1669216747877,1.276
weight,1669216688067,1.274
weight,1669216568396,1.27
weight,1669216447716,1.268
weight,1669216387926,1.266
weight,1669216328146,1.266
weight,1669216208467,1.262
weight,1669216148616,1.262
weight,1669216087776,1.258
weight,1669215848476,1.252
weight,1669215727847,1.25
weight,1669215668026,1.248
weight,1669215608166,1.248
weight,1669215548266,1.246
weight,1669215488417,1.242
weight,1669215367756,1.242
weight,1669215248077,1.238
weight,1669215008607,1.232
weight,1669214887936,1.228
weight,1669214828085,1.228
weight,1669214708377,1.224
weight,1669214648536,1.224
weight,1669214527826,1.22
weight,1669214467986,1.218
weight,1669214287727,1.214
weight,1669214227976,1.212
weight,1669214167939,1.212
weight,1669214047747,1.208
weight,1669213987936,1.206
weight,1669213928126,1.204
weight,1669213868226,1.204
weight,1669213808377,1.202
weight,1669213748466,1.202
weight,1669213627836,1.198
weight,1669213568005,1.196
weight,1669213508205,1.196
weight,1669213448096,1.194
weight,1669213388267,1.192
weight,1669213328445,1.19
weight,1669213268626,1.188
weight,1669213207784,1.188
weight,1669213147895,1.186
weight,1669213088077,1.184
weight,1669212968376,1.18
weight,1669212908535,1.18
weight,1669212848678,1.178
weight,1669212788567,1.176
weight,1669212728725,1.176
weight,1669212667886,1.174
weight,1669212608037,1.172
weight,1669212548207,1.17
weight,1669212428525,1.168
weight,1669212368667,1.166
weight,1669212248006,1.162
weight,1669212128427,1.16
weight,1669212068606,1.158
weight,1669212007746,1.156
weight,1669211947956,1.154
weight,1669211828367,1.152
weight,1669211768546,1.15
weight,1669211707756,1.15
weight,1669211528276,1.144
weight,1669211408645,1.142
weight,1669211347857,1.14
weight,1669211287996,1.138
weight,1669211168406,1.134
weight,1669211047776,1.132
weight,1669210928105,1.128
weight,1669210868255,1.126
weight,1669210748605,1.124
weight,1669210568094,1.118
weight,1669210508076,1.118
weight,1669210388369,1.114
weight,1669210328524,1.112
weight,1669210268695,1.112
weight,1669210207866,1.11
weight,1669210148027,1.108
weight,1669210088237,1.108
weight,1669210028376,1.106
weight,1669209968525,1.104
weight,1669209908717,1.102
weight,1669209847886,1.1
weight,1669209787936,1.098
weight,1669209668317,1.096
weight,1669209548536,1.092
weight,1669209488703,1.09
weight,1669209427886,1.09
weight,1669209368046,1.088
weight,1669209308234,1.086
weight,1669209128626,1.082
weight,1669209067775,1.08
weight,1669208948106,1.076
weight,1669208828380,1.074
weight,1669208768563,1.072
weight,1669208648556,1.07
weight,1669208587785,1.068
weight,1669208468116,1.064
weight,1669208408226,1.062
weight,1669208288446,1.06
weight,1669208228605,1.058
weight,1669208167787,1.056
weight,1669208107994,1.056
weight,1669208048176,1.054
weight,1669207988286,1.052
weight,1669207928466,1.052
weight,1669207568525,1.04
weight,1669207508697,1.04
weight,1669207447876,1.038
weight,1669207388045,1.036
weight,1669207328255,1.034
weight,1669207268436,1.032
weight,1669207208617,1.032
weight,1669207147776,1.03
weight,1669207087945,1.03
weight,1669207028147,1.028
weight,1669206968336,1.026
weight,1669206787896,1.022
weight,1669206668235,1.018
weight,1669206608416,1.016
weight,1669206487776,1.014
weight,1669206427955,1.012
weight,1669206368145,1.01
weight,1669206248506,1.008
weight,1669206188696,1.006
weight,1669206127865,1.004
weight,1669205888595,1.0
weight,1669205827786,0.996
weight,1669205708185,0.994
weight,1669205648365,0.992
weight,1669205588536,0.992
weight,1669205528706,0.988
weight,1669205467866,0.988
weight,1669205408054,0.986
weight,1669205348237,0.986
weight,1669205288396,0.982
weight,1669205228575,0.98
weight,1669205107976,0.978
weight,1669205048166,0.976
weight,1669204928545,0.972
weight,1669204688245,0.966
weight,1669204628405,0.966
weight,1669204568576,0.966
weight,1669204507745,0.964
weight,1669204447925,0.962
weight,1669204388117,0.96
weight,1669204328306,0.956
weight,1669204208655,0.954
weight,1669204147829,0.954
weight,1669204028196,0.95
weight,1669203968375,0.948
weight,1669203908555,0.948
weight,1669203787895,0.944
weight,1669203728065,0.942
weight,1669203668205,0.94
weight,1669203608386,0.94
weight,1669203487767,0.936
weight,1669203427946,0.934
weight,1669203368126,0.932
weight,1669203308296,0.93
weight,1669203068066,0.926
weight,1669202948437,0.922
weight,1669202827795,0.92
weight,1669202767985,0.918
weight,1669202708147,0.916
weight,1669202648336,0.914
weight,1669202588516,0.912
weight,1669202528715,0.912
weight,1669202408027,0.908
weight,1669202348216,0.906
weight,1669202288375,0.906
weight,1669202167736,0.902
weight,1669202107906,0.9
weight,1669202048066,0.898
weight,1669201988285,0.896
weight,1669201928456,0.896
weight,1669201807836,0.892
weight,1669201747995,0.89
weight,1669201688156,0.89
weight,1669201628306,0.888
weight,1669201508655,0.886
weight,1669201388016,0.882
weight,1669201328195,0.88
weight,1669201268365,0.878
weight,1669201208515,0.876
weight,1669201087876,0.874
weight,1669201028055,0.874
weight,1669200908406,0.868
weight,1669200848586,0.868
weight,1669200787765,0.868
weight,1669200488697,0.858
weight,1669200427876,0.858
weight,1669200368046,0.856
weight,1669200248347,0.852
weight,1669200127735,0.85
weight,1669200067905,0.848
weight,1669200008086,0.846
weight,1669199888426,0.844
weight,1669199767756,0.84
weight,1669199707956,0.84
weight,1669199648115,0.838
weight,1669199588315,0.836
weight,1669199528456,0.834
weight,1669199468606,0.834
weight,1669199407765,0.832
weight,1669199288136,0.83
weight,1669199228306,0.828
weight,1669199168495,0.826
weight,1669199047835,0.822
weight,1669198987996,0.822
weight,1669198928165,0.82
weight,1669198868345,0.818
weight,1669198747744,0.816
weight,1669198687946,0.814
weight,1669198628105,0.814
weight,1669198508407,0.808
weight,1669198448616,0.808
weight,1669198387765,0.806
weight,1669198327936,0.806
weight,1669198208265,0.802
weight,1669198148415,0.8
weight,1669198088595,0.798
weight,1669197967935,0.796
weight,1669197908073,0.794
weight,1669197848216,0.794
weight,1669197788387,0.79
weight,1669197668735,0.788
weight,1669197607865,0.786
weight,1669197548016,0.784
weight,1669197488226,0.784
weight,1669197428367,0.782
weight,1669197368526,0.782
weight,1669197308697,0.78
weight,1669197248211,0.718
weight,1669197247847,0.778
weight,1669197188380,0.718
weight,1669197187996,0.776
weight,1669197128542,0.716
weight,1669197128155,0.774
weight,1669197068682,0.714
weight,1669197068345,0.774
weight,1669197007831,0.712
weight,1669196948686,0.77
weight,1669196888162,0.71
weight,1669196828037,0.768
weight,1669196768216,0.766
weight,1669196708642,0.704
weight,1669196708396,0.764
weight,1669196648567,0.762
weight,1669196587961,0.702
weight,1669196587737,0.762
weight,1669196528121,0.7
weight,1669196527916,0.76
weight,1669196468272,0.698
weight,1669196408451,0.698
weight,1669196408287,0.756
weight,1669196348477,0.756
weight,1669196288646,0.754
weight,1669196227952,0.694
weight,1669196227826,0.754
weight,1669196168112,0.692
weight,1669196108281,0.69
weight,1669196048439,0.688
weight,1669195988566,0.746
weight,1669195928717,0.746
weight,1669195927791,0.686
weight,1669195867971,0.686
weight,1669195808121,0.682
weight,1669195808036,0.742
weight,1669195748281,0.682
weight,1669195688451,0.68
weight,1669195688367,0.74
weight,1669195628611,0.68
weight,1669195568686,0.736
weight,1669195567772,0.676
weight,1669195507826,0.734
weight,1669195448121,0.674
weight,1669195447997,0.734
weight,1669195388271,0.672
weight,1669195328297,0.73
weight,1669195268022,0.728
weight,1669195207801,0.668
weight,1669194968481,0.664
weight,1669194847831,0.66
weight,1669194787982,0.66
weight,1669194728151,0.658
weight,1669194608432,0.654
weight,1669194427931,0.65
weight,1669194308262,0.648
weight,1669194248451,0.646
weight,1669194188610,0.644
weight,1669194008082,0.64
weight,1669193888400,0.638
weight,1669193828561,0.636
weight,1669193707911,0.632
weight,1669193588262,0.63
weight,1669193468591,0.628
weight,1669193407762,0.626
weight,1669193347922,0.624
weight,1669193288082,0.622
weight,1669193168390,0.62
weight,1669193048691,0.618
weight,1669192987861,0.616
weight,1669192868192,0.612
weight,1669192748500,0.61
weight,1669192567981,0.606
weight,1669192448332,0.604
weight,1669192388491,0.602
weight,1669192328651,0.6
weight,1669192267791,0.6
weight,1669192207943,0.596
weight,1669192148102,0.594
weight,1669192088261,0.594
weight,1669192028450,0.592
weight,1669191968602,0.592
weight,1669191907762,0.59
weight,1669191728262,0.586
weight,1669191608571,0.582
weight,1669191547741,0.58
weight,1669191487892,0.58
weight,1669191428072,0.578
weight,1669191308458,0.574
weight,1669191248622,0.574
weight,1669191187781,0.574
weight,1669191127931,0.572
weight,1669191068080,0.568
weight,1669190948431,0.566
weight,1669190888580,0.566
weight,1669190827762,0.564
weight,1669190708074,0.56
weight,1669190648221,0.56
weight,1669190588379,0.558
weight,1669190468711,0.556
weight,1669190407821,0.554
weight,1669190228351,0.548
weight,1669190168501,0.548
weight,1669190047822,0.544
weight,1669189987972,0.542
weight,1669189928151,0.542
weight,1669189748672,0.538
weight,1669189687831,0.536
weight,1669189628001,0.534
weight,1669189508352,0.532
weight,1669189268011,0.526
weight,1669189148352,0.524
weight,1669189088512,0.522
weight,1669189028661,0.52
weight,1669188967810,0.518
weight,1669188728491,0.512
weight,1669188668652,0.512
weight,1669188547961,0.508
weight,1669188488129,0.508
weight,1669188428292,0.506
weight,1669188368452,0.504
weight,1669188247782,0.502
weight,1669188187922,0.5
weight,1669188128081,0.498
weight,1669188008420,0.496
weight,1669187948582,0.494
weight,1669187827921,0.492
weight,1669187768079,0.49
weight,1669187708242,0.488
weight,1669187648411,0.486
weight,1669187528711,0.484
weight,1669187467882,0.482
weight,1669187408030,0.48
weight,1669187348201,0.48
weight,1669187228542,0.476
weight,1669187168702,0.474
weight,1669187107861,0.474
weight,1669186928362,0.47
weight,1669186747833,0.466
weight,1669186688001,0.464
weight,1669186508512,0.458
weight,1669186448672,0.458
weight,1669186387831,0.458
weight,1669186327990,0.456
weight,1669186268152,0.452
weight,1669186208321,0.452
weight,1669186148471,0.45
weight,1669186088621,0.448
weight,1669186027792,0.448
weight,1669185967971,0.446
weight,1669185908131,0.444
weight,1669185848270,0.444
weight,1669185788451,0.442
weight,1669185728632,0.44
weight,1669185607972,0.438
weight,1669185548142,0.436
weight,1669185488311,0.434
weight,1669185428471,0.434
weight,1669185368660,0.432
weight,1669185188131,0.428
weight,1669185128282,0.426
weight,1669185068432,0.426
weight,1669185008582,0.424
weight,1669184947750,0.422
weight,1669184887906,0.422
weight,1669184587721,0.414
weight,1669184527891,0.412
weight,1669184468061,0.412
weight,1669184348421,0.408
weight,1669184288572,0.406
weight,1669184227758,0.406
weight,1669184108071,0.402
weight,1669184048231,0.4
weight,1669183867751,0.398
weight,1669183807911,0.396
weight,1669183748053,0.394
weight,1669183688221,0.392
weight,1669183628381,0.392
weight,1669183507732,0.388
weight,1669183447901,0.388
weight,1669183388081,0.386
weight,1669183268422,0.382
weight,1669183208552,0.382
weight,1669183148731,0.38
weight,1669183087881,0.38
weight,1669183028040,0.378
weight,1669182908381,0.376
weight,1669182848591,0.374
weight,1669182727911,0.37
weight,1669182608241,0.368
weight,1669182548402,0.366
weight,1669182488582,0.366
weight,1669182427741,0.364
weight,1669182367891,0.362
weight,1669182188381,0.358
weight,1669182067722,0.356
weight,1669181948060,0.354
weight,1669181888222,0.352
weight,1669181828379,0.352
weight,1669181647852,0.346
weight,1669181588012,0.346
weight,1669181528171,0.344
weight,1669181468350,0.342
weight,1669181408512,0.34
weight,1669181348662,0.34
weight,1669181287801,0.338
weight,1669181168132,0.336
weight,1669180988590,0.332
weight,1669180867921,0.33
weight,1669180808071,0.328
weight,1669180748212,0.326
weight,1669180688382,0.326
weight,1669180628582,0.324
weight,1669180567731,0.322
weight,1669180388241,0.318
weight,1669180328401,0.318
weight,1669180268562,0.316
weight,1669180207742,0.314
weight,1669180147911,0.314
weight,1669180088071,0.312
weight,1669180028252,0.31
weight,1669179968412,0.31
weight,1669179847750,0.308
weight,1669179728131,0.304
weight,1669179548580,0.3
weight,1669179427931,0.298
weight,1669179368071,0.298
weight,1669179308222,0.296
weight,1669179188581,0.294
weight,1669179128731,0.292
weight,1669179008062,0.29
weight,1669178888371,0.286
weight,1669178768682,0.284
weight,1669178648010,0.282
weight,1669178528362,0.278
weight,1669178468531,0.278
weight,1669178408711,0.278
weight,1669178347872,0.276
weight,1669178288041,0.276
weight,1669178108542,0.272
weight,1669177987871,0.268
weight,1669177928040,0.268
weight,1669177868192,0.268
weight,1669177808361,0.266
weight,1669177748511,0.264
weight,1669177627825,0.262
weight,1669177567971,0.26
weight,1669177508110,0.26
weight,1669177448290,0.258
weight,1669177328621,0.256
weight,1669177148142,0.252
weight,1669177088290,0.252
weight,1669177028441,0.25
weight,1669176847931,0.246
weight,1669176788101,0.246
weight,1669176728272,0.244
weight,1669176668442,0.244
weight,1669176608630,0.242
weight,1669176547811,0.242
weight,1669176488002,0.24
weight,1669176428182,0.24
weight,1669176368331,0.238
weight,1669176308471,0.238
weight,1669176248639,0.236
weight,1669176187801,0.234
weight,1669176127991,0.232
weight,1669176068139,0.232
weight,1669175888620,0.23
weight,1669175648301,0.224
weight,1669175588451,0.224
weight,1669175528629,0.222
weight,1669175467822,0.22
weight,1669175407961,0.22
weight,1669175288240,0.218
weight,1669175228382,0.216
weight,1669175168550,0.216
weight,1669175108700,0.216
weight,1669174987992,0.212
weight,1669174928171,0.212
weight,1669174868311,0.21
weight,1669174628021,0.206
weight,1669174508342,0.202
weight,1669174448520,0.204
weight,1669174388691,0.202
weight,1669174268021,0.198
weight,1669174208181,0.198
weight,1669174088561,0.196
weight,1669173967911,0.194
weight,1669173908062,0.194
weight,1669173848202,0.192
weight,1669173728551,0.19
weight,1669173668732,0.188
weight,1669173607892,0.188
weight,1669173548101,0.186
weight,1669173488263,0.186
weight,1669173368602,0.184
weight,1669173007920,0.176
weight,1669172948082,0.176
weight,1669172888242,0.176
weight,1669172828391,0.174
weight,1669172768551,0.174
weight,1669172708722,0.174
weight,1669172647882,0.172
weight,1669172528175,0.168
weight,1669172408482,0.168
weight,1669172348661,0.168
weight,1669172287841,0.166
weight,1669172168182,0.164
weight,1669172048521,0.162
weight,1669171988682,0.16
weight,1669171927862,0.16
weight,1669171868011,0.158
weight,1669171808191,0.158
weight,1669171688512,0.156
weight,1669171628651,0.156
weight,1669171567820,0.154
weight,1669171388311,0.15
weight,1669171328491,0.15
weight,1669171268632,0.15
weight,1669171207791,0.148
weight,1669171028292,0.146
weight,1669170908601,0.144
weight,1669170847752,0.144
weight,1669170728101,0.142
weight,1669170668261,0.142
weight,1669170608400,0.14
weight,1669170368091,0.136
weight,1669170248431,0.134
weight,1669170068000,0.132
weight,1669170008151,0.13
weight,1669169948321,0.13
weight,1669169888492,0.128
weight,1669169767821,0.128
weight,1669169528511,0.124
weight,1669169407834,0.122
weight,1669169348010,0.12
weight,1669169228330,0.12
weight,1669169047840,0.116
weight,1669168928152,0.114
weight,1669168868311,0.114
weight,1669168748601,0.114
weight,1669168687742,0.112
weight,1669168627900,0.112
weight,1669168448411,0.108
weight,1669168388591,0.108
weight,1669168327760,0.108
weight,1669168267912,0.106
weight,1669168208051,0.106
weight,1669168148221,0.106
weight,1669168088371,0.104
weight,1669167848091,0.1
weight,1669167788242,0.1
weight,1669167728412,0.1
weight,1669167668561,0.098
weight,1669167607749,0.098
weight,1669167547911,0.096
weight,1669167488082,0.096
weight,1669167428220,0.096
weight,1669167368361,0.094
weight,1669167308532,0.094
weight,1669167248689,0.094
weight,1669167187862,0.092
weight,1669167128021,0.092
weight,1669167068172,0.09
weight,1669167008341,0.09
weight,1669166948501,0.09
weight,1669166888671,0.09
weight,1669166827822,0.088
weight,1669166467891,0.084
weight,1669166348252,0.082
weight,1669166288442,0.082
weight,1669166228611,0.082
weight,1669166107952,0.08
weight,1669166048112,0.078
weight,1669165988261,0.078
weight,1669165928421,0.078
weight,1669165807762,0.076
weight,1669165688141,0.074
weight,1669165447812,0.072
weight,1669165328161,0.07
weight,1669165268331,0.07
weight,1669165148620,0.068
weight,1669165087791,0.068
weight,1669165027961,0.068
weight,1669164908312,0.066
weight,1669164848472,0.066
weight,1669164788621,0.064
weight,1669164667972,0.064
weight,1669164608152,0.062
weight,1669164488460,0.062
weight,1669164367811,0.06
weight,1669164307971,0.06
weight,1669164248120,0.06
weight,1669164188282,0.058
weight,1669164128432,0.058
weight,1669164068621,0.058
weight,1669163947972,0.056
weight,1669163888112,0.056
weight,1669163768461,0.054
weight,1669163647812,0.054
weight,1669163528190,0.054
weight,1669163468332,0.052
weight,1669163408502,0.052
weight,1669163348671,0.052
weight,1669163108371,0.05
weight,1669163048520,0.05
weight,1669162927882,0.048
weight,1669162808220,0.048
weight,1669162748391,0.048
weight,1669162628741,0.046
weight,1669162448181,0.046
weight,1669162388360,0.046
weight,1669162328530,0.046
weight,1669162268702,0.044
weight,1669161968541,0.044
weight,1669161908731,0.044
weight,1669161847892,0.044
weight,1669161608531,0.042
weight,1669161487891,0.042
weight,1669161428041,0.04
weight,1669161308371,0.04
weight,1669161248541,0.04
weight,1669161127880,0.04
weight,1669161068062,0.04
weight,1669161008221,0.04
weight,1669160948381,0.04
weight,1669160888580,0.04
weight,1669160827741,0.04
weight,1669160767901,0.04
weight,1669160708041,0.04
weight,1669160648222,0.038
weight,1669160468551,0.038
weight,1669160408712,0.038
weight,1669160347872,0.038
weight,1669160288021,0.038
weight,1669160228221,0.038
weight,1669160108571,0.038
weight,1669160047730,0.038
weight,1669159928082,0.036
weight,1669159868241,0.036
weight,1669159808391,0.036
weight,1669159688691,0.036
weight,1669159627852,0.036
weight,1669159568001,0.034
weight,1669159388541,0.034
weight,1669159328690,0.034
weight,1669159208051,0.034
weight,1669159148231,0.034
weight,1669159088421,0.034
weight,1669159028581,0.034
weight,1669158967731,0.034
weight,1669158848060,0.032
weight,1669158788242,0.032
weight,1669158728392,0.032
weight,1669158668540,0.032
weight,1669158608701,0.032
weight,1669158488081,0.032
weight,1669158368399,0.032
weight,1669158308572,0.032
weight,1669158248721,0.032
weight,1669158187871,0.03
weight,1669158008350,0.03
weight,1669157948561,0.03
weight,1669157888701,0.028
weight,1669157827842,0.028
weight,1669157768002,0.028
weight,1669157648341,0.028
weight,1669157588511,0.026
weight,1669157467860,0.026
weight,1669157408000,0.026
weight,1669157348171,0.024
weight,1669157288312,0.024
weight,1669157168630,0.022
weight,1669157107791,0.02
weight,1669156988131,0.02
weight,1669156808641,0.018
weight,1669156747810,0.018
weight,1669156687961,0.016
weight,1669156628142,0.016
weight,1669156568282,0.016
weight,1669156448622,0.014
weight,1669156387800,0.014
weight,1669156148511,0.01
weight,1669156088681,0.012
weight,1669156027832,0.01
weight,1669155968002,0.01
weight,1669155848310,0.01
weight,1669155667821,0.008
weight,1669155548182,0.008
weight,1669155488332,0.008
weight,1669155368661,0.008
weight,1669155307831,0.008
weight,1669155248002,0.006
weight,1669155188161,0.006
weight,1669155068473,0.006
weight,1669155008612,0.004
weight,1669154947760,0.006
weight,1669154828082,0.004
weight,1669154708401,0.006
weight,1669154648561,0.004
weight,1669154588732,0.004
weight,1669154527912,0.004
weight,1669154468091,0.004
weight,1669154408221,0.004
weight,1669154288542,0.004
weight,1669154228711,0.004
weight,1669154048201,0.004
weight,1669153988361,0.004
weight,1669153868712,0.004
weight,1669153807871,0.004
weight,1669153628382,0.004
weight,1669153568521,0.004
weight,1669153388042,0.004
weight,1669153328191,0.004
weight,1669153208520,0.004
weight,1669153148702,0.004
weight,1669153028031,0.004
weight,1669152968202,0.004
weight,1669152908352,0.004
weight,1669152848521,0.004
weight,1669152788681,0.004
weight,1669152727862,0.004
weight,1669152668011,0.004
weight,1669152608171,0.004
weight,1669152548321,0.002
weight,1669152488492,0.002
weight,1669152428671,0.004
weight,1669152367840,0.004
weight,1669152307990,0.004
weight,1669152248162,0.004
weight,1669152188301,0.002
weight,1669152128451,0.002
weight,1669152068620,0.002
weight,1669152007782,0.002
weight,1669151888131,0.002
weight,1669151828290,0.002
weight,1669151768442,0.002
weight,1669151647770,0.002
weight,1669151468291,0.002
weight,1669151408451,0.002
weight,1669151348600,0.002
weight,1669151287771,0.002
weight,1669151168071,0.002
weight,1669151108222,0.002
weight,1669151048381,0.002
weight,1669150988531,0.002
weight,1669150867872,0.002
weight,1669150688320,0.002
weight,1669150628480,0.002
weight,1669150568652,0.002
weight,1669150507811,0.002
weight,1669150388151,0.002
weight,1669150328302,0.002
weight,1669150268441,0.002
weight,1669150208601,0.002
weight,1669150147773,0.002
weight,1669149968251,0.002
weight,1669149848582,0.002
weight,1669149727881,0.002
weight,1669149608212,0.002
weight,1669149548361,0.002
weight,1669149428722,0.002
weight,1669149308071,0.002
weight,1669149248231,0.002
weight,1669149067760,0.002
weight,1669149007920,0.002
weight,1669148948092,0.0
weight,1669148888242,0.002
weight,1669148828391,0.0
weight,1669148647921,0.002
weight,1669148528272,0.0
weight,1669148468422,0.0
weight,1669148347770,0.0
weight,1669148287952,0.0
weight,1669148228101,0.0
weight,1669148168241,0.0
weight,1669147987761,0.0
weight,1669147927941,0.0
weight,1669147808302,0.0
weight,1669147688621,0.0
weight,1669147627782,0.002
weight,1669147567962,0.0
weight,1669147508121,0.0
weight,1669147328622,0.0
weight,1669147267770,0.0
weight,1669147088212,0.0
weight,1669147028401,0.0
weight,1669146968541,0.0
weight,1669146908700,0.0
weight,1669146847882,0.0
weight,1669146788071,0.0
weight,1669146728251,0.0
weight,1669146668430,0.0
weight,1669146608582,0.0
weight,1669146487930,0.0
weight,1669146428070,0.0
weight,1669146308391,0.0
weight,1669146248541,0.0
weight,1669146188710,0.0
weight,1669146127902,0.0
weight,1669146068081,0.0
weight,1669146008251,0.0
weight,1669145948402,0.0
weight,1669145888571,0.0
weight,1669145827741,0.0
weight,1669145767900,0.0
weight,1669145708052,0.0
weight,1669145528550,0.0
weight,1669145467732,0.0
weight,1669145407902,0.0
weight,1669145348061,0.0
weight,1669145288200,0.0
weight,1669145228352,0.0
weight,1669145168481,0.0
weight,1669145108651,0.0
weight,1669144987992,0.0
weight,1669144928122,0.0
weight,1669144868261,0.002
weight,1669144808430,0.0
weight,1669144748592,0.0
weight,1669144508262,0.0
weight,1669144388571,0.0
weight,1669144327730,0.0
weight,1669144208041,0.0
weight,1669144148191,0.0
weight,1669144088370,0.0
weight,1669143968681,0.002
weight,1669143907850,0.0
weight,1669143848042,0.0
weight,1669143788181,0.0
weight,1669143547822,0.002
weight,1669143487981,0.0
weight,1669143368312,0.0
weight,1669143308462,0.002
weight,1669143248621,0.002
weight,1669143187810,0.0
weight,1669143127971,0.0
weight,1669143068131,0.002
weight,1669143008301,0.002
weight,1669142948471,0.002
weight,1669142888632,0.0
weight,1669142827811,0.002
weight,1669142767951,0.002
weight,1669142708110,0.002
weight,1669142648282,0.002
weight,1669142528641,0.002
weight,1669142467800,0.002
weight,1669142407972,0.002
weight,1669142348122,0.002
weight,1669142288261,0.0
weight,1669142228420,0.002
weight,1669142107761,0.002
weight,1669141988101,0.002
weight,1669141928252,0.002
weight,1669141868411,2.0
weight,1669141747750,0.002
weight,1669141687912,0.002
weight,1669141628051,0.002
weight,1669141508352,0.002
weight,1669141448511,0.002
weight,1669141388671,0.002
weight,1669141327840,0.0
weight,1669141208181,0.002
weight,1669141148321,0.002
weight,1669141088481,0.002
weight,1669141028652,0.002
weight,1669140967811,0.002
weight,1669140907980,0.002
weight,1669140848132,0.002
weight,1669140728491,0.002
weight,1669140668661,0.02
weight,1669140607821,0.002
weight,1669140547971,0.002
weight,1669140488111,0.002
weight,1669140428281,0.002
weight,1669140128112,0.002
weight,1669140008402,0.002
weight,1669139948551,0.002
weight,1669139888700,0.002
weight,1669139827872,0.004
weight,1669139648360,0.004
weight,1669139467911,0.002
weight,1669139348242,0.002
weight,1669139288411,0.002
weight,1669139167780,0.002
weight,1669139107942,0.004
weight,1669139048121,0.002
weight,1669138928432,0.002
weight,1669138868582,0.002
weight,1669138807751,0.002
weight,1669138747940,0.002
weight,1669138688112,0.002
weight,1669138628272,0.004
weight,1669138568421,0.004
weight,1669138508591,0.002
weight,1669138447761,0.002
weight,1669138387931,0.002
weight,1669138328091,0.002
weight,1669138208412,0.002
weight,1669138088701,0.004
weight,1669138027870,0.004
weight,1669137968002,0.002
weight,1669137908151,0.002
weight,1669137848321,0.002
weight,1669137788491,0.002
weight,1669137728652,0.002
weight,1669137667811,0.004
weight,1669137608001,0.002
weight,1669137548171,0.002
weight,1669137488312,0.002
weight,1669137368631,0.002
weight,1669137307780,0.002
weight,1669137247942,0.002
weight,1669137188121,0.002
weight,1669137128281,0.002
weight,1669137068451,0.002
weight,1669136947821,0.004
weight,1669136887980,0.004
weight,1669136828078,0.002
weight,1669136708402,0.002
weight,1669136648531,0.002
weight,1669136588681,0.002
weight,1669136527842,0.002
weight,1669136408142,0.002
weight,1669136348282,0.002
weight,1669136167791,0.004
weight,1669136107971,0.002
weight,1669136048121,0.002
weight,1669135988262,0.002
weight,1669135928422,0.002
weight,1669135868611,0.002
weight,1669135807780,0.002
weight,1669135747952,0.002
weight,1669135688122,0.002
weight,1669135568480,0.002
weight,1669135447832,0.002
weight,1669135387991,0.002
weight,1669135328150,0.002
weight,1669135268292,0.002
weight,1669135148641,0.002
weight,1669135087810,0.002
weight,1669135028012,0.004
weight,1669134968161,0.002
weight,1669134848480,0.002
weight,1669134788662,0.002
weight,1669134668031,0.002
weight,1669134608190,0.002
weight,1669134428731,0.002
weight,1669134248252,0.002
weight,1669134188431,0.002
weight,1669134128600,0.002
weight,1669134068753,0.002
weight,1669134007891,0.002
weight,1669133948051,0.002
weight,1669133888211,0.002
weight,1669133828362,0.002
weight,1669133768521,0.0
weight,1669133647842,0.002
weight,1669133528191,0.0
weight,1669133468361,0.0
weight,1669133347732,0.048
weight,1669133287911,87.744
weight,1669133228061,87.674
weight,1669133168233,87.71
weight,1669133108402,87.678
weight,1669133048562,87.724
weight,1669132988722,87.688
weight,1669132927892,4.382
weight,1669132808202,86.738
weight,1669132688571,85.87
weight,1669132628733,85.972
weight,1669132567882,89.926
weight,1669132508041,89.75
weight,1669132388443,89.932
weight,1669132328612,89.934
weight,1669132267751,89.938
weight,1669132207911,89.944
weight,1669132028421,89.794
weight,1669131907761,89.798
weight,1669131847951,89.79
weight,1669131788131,89.8
weight,1669131728300,89.802
weight,1669131668462,89.802
weight,1669131608622,89.798
weight,1669131547770,89.798
weight,1669131428151,89.8
weight,1669131368331,89.8
weight,1669131308531,86.498
weight,1669131248670,89.774
weight,1669131187811,89.776
weight,1669131127972,89.776
weight,1669131068121,89.776
weight,1669131008270,89.778
weight,1669130948432,89.778
weight,1669130888572,89.78
weight,1669130827720,89.78
weight,1669130767890,89.764
weight,1669130708071,89.774
weight,1669130588421,89.776
weight,1669130528591,87.074
weight,1669130407961,89.8
weight,1669130348110,89.8
weight,1669130047960,89.834
weight,1669129988141,9.808
weight,1669129928305,89.812
weight,1669129868450,89.814
weight,1669129808621,89.816
weight,1669129687941,89.88
weight,1669129628111,89.82
weight,1669129568260,89.82
weight,1669129448621,90.016
weight,1669129387760,90.028
weight,1669129327911,90.006
weight,1669129268092,90.008
weight,1669129208202,90.012
weight,1669129148412,90.016
weight,1669129088561,90.252
weight,1669129027710,90.016
weight,1669128908071,90.024
weight,1669128848231,90.03
weight,1669128788410,90.032
weight,1669128728572,90.036
weight,1669128667731,90.042
weight,1669128488292,90.024
weight,1669128428441,90.03
weight,1669128368611,90.03
weight,1669128307762,90.02
weight,1669128188121,90.23
weight,1669128128261,90.036
weight,1669128068410,90.068
weight,1669128008532,90.046
weight,1669127948681,90.054
weight,1669127768191,90.07
weight,1669127708351,90.074
weight,1669127648500,90.076
weight,1669127588662,90.08
weight,1669127527821,90.086
weight,1669127468000,90.088
weight,1669127348341,90.246
weight,1669127288480,90.228
weight,1669127228631,90.412
weight,1669127167771,88.61
weight,1669127048121,83.178
weight,1669126988281,83.18
weight,1669126928440,83.276
weight,1669126868542,77.782
weight,1669126747870,73.808
weight,1669126688020,8.026
weight,1669126568341,68.03
weight,1669126508480,68.882
weight,1669126387811,62.15
weight,1669126327981,62.154
weight,1669126268141,55.482
weight,1669126208272,55.488
weight,1669126148421,55.49
weight,1669126088531,48.524
weight,1669126028690,8.61
weight,1669125967862,48.534
weight,1669125848191,44.0
weight,1669125788320,44.0
weight,1669125728482,44.0
weight,1669125668652,44.0
weight,1669125547961,44.0
weight,1669125488130,44.002
weight,1669125428302,44.002
weight,1669125368442,44.002
weight,1669125308581,44.002
weight,1669125247730,44.002
weight,1669124948552,44.004
weight,1669124888712,44.004
weight,1669124827881,44.004
weight,1669124768071,44.004
weight,1669124708230,44.004
weight,1669124648362,44.004
weight,1669124408022,44.004
weight,1669124348191,44.004
weight,1669124228492,44.004
weight,1669124168662,44.004
weight,1669124047990,44.004
weight,1669123988153,44.006
weight,1669123928281,44.006
weight,1669123868420,44.004
weight,1669123808581,44.006
weight,1669123568321,44.006
weight,1669123508472,44.006
weight,1669123448642,44.006
weight,1669123387821,44.006
weight,1669123327981,44.006
weight,1669123268131,44.006
weight,1669123208272,44.006
weight,1669123148431,44.006
weight,1669123088561,44.006
weight,1669123027732,44.008
weight,1669122967901,44.008
weight,1669122908061,44.008
weight,1669122848210,44.006
weight,1669122728551,44.008
weight,1669122667741,44.008
weight,1669122607892,44.008
weight,1669122488210,44.008
weight,1669122428361,44.01
weight,1669122368522,44.01
weight,1669122308702,44.01
weight,1669122247860,44.012
weight,1669122188021,43.228
weight,1669122008472,44.016
weight,1669121948681,44.016
weight,1669121828002,4.016
weight,1669121768162,43.942
weight,1669121708300,44018.0
weight,1669121648478,4.018
weight,1669121588652,44.018
weight,1669121527811,44.02
weight,1669121467991,44.02
weight,1669121408170,44.018
weight,1669121348332,44.02
weight,1669121288491,44.016
weight,1669121228671,44.022
weight,1669121108002,44.02
weight,1669121048162,44.02
weight,1669120928500,44.02
weight,1669120868681,44.02
weight,1669120748011,44.02
weight,1669120688181,44.022
weight,1669120628342,44.022
weight,1669120568492,44.02
weight,1669120508671,44.02
weight,1669120328161,44.022
weight,1669120208480,44.022
weight,1669120148662,44.022
weight,1669120087841,44.022
weight,1669120028030,44.022
weight,1669119908332,44.024
weight,1669119848482,44.022
weight,1669119788631,44.024
weight,1669119727800,44.024
weight,1669119608142,44.024
weight,1669119548321,44.024
weight,1669119428652,44.026
weight,1669119367801,44.026
weight,1669119307971,44.026
weight,1669119248141,44.026
weight,1669119188302,44.026
weight,1669119128462,44.076
weight,1669119068611,44.028
weight,1669119007750,44.026
weight,1669118947922,44.028
weight,1669118888082,4.028
weight,1669118768440,44.028
weight,1669118708601,44.028
weight,1669118647771,44.028
weight,1669118587941,44.03
weight,1669118528080,44.206
weight,1669118468242,44.03
weight,1669118348531,44.032
weight,1669118288661,43.248
weight,1669118227821,44.034
weight,1669118168012,44.034
weight,1669118048331,44.036
weight,1669117928682,44.036
weight,1669117867841,44.036
weight,1669117748200,43.964
weight,1669117688381,43.964
weight,1669117568701,43.964
weight,1669117507860,43.966
weight,1669117448022,43.966
weight,1669117388211,43.966
weight,1669117328391,43.968
weight,1669117268560,43.968
weight,1669117208702,43.968
weight,1669117147851,43.968
weight,1669117087991,43.97
weight,1669116908501,43.972
weight,1669116848661,38.45
weight,1669116787802,38.454
weight,1669116727972,38.458
weight,1669116668162,38.462
weight,1669116608311,38.464
weight,1669116548490,38.468
weight,1669116427841,38.724
weight,1669116368021,31.96
weight,1669116308180,31.964
weight,1669116248342,31.966
weight,1669116128651,26.774
weight,1669116067812,26.774
weight,1669116007972,26.45
weight,1669115948131,20.516
weight,1669115888281,20.52
weight,1669115768601,14.336
weight,1669115707761,14.342
weight,1669115647901,13.912
weight,1669115528252,6.818
weight,1669115468412,5.706
weight,1669115287922,-24.192
weight,1669115228101,1.322
weight,1669115108432,1.322
weight,1669114987781,1.322
weight,1669114927951,1.32
weight,1669114868120,1.32
